id,ort,strecke,start_lat,start_lon,ziel_lat,ziel_lon,standard_zeit,8_uhr,8_uhr_stau,9_uhr,9_uhr_stau,10_uhr,10_uhr_stau,11_uhr,11_uhr_stau,12_uhr,12_uhr_stau,13_uhr,13_uhr_stau,14_uhr,14_uhr_stau,15_uhr,15_uhr_stau,16_uhr,16_uhr_stau,17_uhr,17_uhr_stau
1,Greinbergknoten,B8 - Versbacher Str.,49.799176,9.972396,49.803102,9.960233,103,157,54,116,13,111,8,112,9,113,10,119,16,159,56,163,60,147,44,166,63
2,Greinbergknoten,B8 - B19 Lengfeld,49.799176,9.972396,49.803179,9.963349,94,112,18,111,17,101,7,104,10,102,8,107,13,155,61,154,60,114,20,157,63
3,Greinbergknoten,B19 - B8,49.804189,9.964765,49.799796,9.965615,98,207,109,100,2,98,0,105,7,105,7,107,9,107,9,107,9,112,14,142,44
4,Greinbergknoten,B8 - Versbacher Str.,49.799699,9.959187,49.803102,9.960233,42,43,1,40,-2,41,-1,44,2,43,1,46,4,46,4,45,3,45,3,45,3
5,Greinbergknoten,B8 - B19 Würzburg,49.799176,9.972396,49.799777,9.956896,134,223,89,199,65,156,22,160,26,157,23,166,32,201,67,209,75,195,61,221,87
6,Greinbergknoten,Auverastraße - B8,49.801977,9.940932,49.799699,9.959187,159,256,97,195,36,172,13,182,23,183,24,189,30,209,50,205,46,260,101,270,111
7,Greinbergknoten,Auverastraße - B19,49.801977,9.940932,49.79926,9.957212,147,243,96,179,32,160,13,168,21,171,24,178,31,199,52,196,49,253,106,260,113
8,Greinbergknoten,B19 Lengfeld - B19 Würzburg,49.804909,9.966103,49.799777,9.956896,106,251,145,117,11,106,0,111,5,110,4,114,8,145,39,145,39,144,38,155,49
9,Haugering,Berliner Ring - Bahnhof,49.79961,9.940653,49.800526,9.933084,109,147,38,101,-8,114,5,110,1,111,2,118,9,114,5,118,9,144,35,161,52
10,Haugering,Bahnhof - Berliner Ring,49.800417,9.932098,49.799577,9.940487,102,114,12,102,0,117,15,108,6,107,5,145,43,114,12,108,6,115,13,114,12
11,Röntgenring,Bahnhof - Baustelle,49.800526,9.933084,49.799727,9.927096,68,75,7,70,2,100,32,90,22,84,16,90,22,88,20,89,21,84,16,99,31
12,Röntgenring,Baustelle - Bahnhof,49.799554,9.92667,49.800462,9.93339,86,108,22,88,2,108,22,94,8,96,10,102,16,101,15,99,13,103,17,103,17
13,B19/Stadtring Süd,Waltherstraße Lengfeld - Siligmüllerstraße,49.797416,9.952802,49.794246,9.949838,94,148,54,109,15,101,7,109,15,108,14,116,22,157,63,162,68,161,67,184,90
14,B19/Stadtring Süd,Siligmüllerstraße - Waltherstraße Lengfeld,49.794994,9.946261,49.797387,9.952899,122,179,57,153,31,145,23,141,19,149,27,166,44,176,54,184,62,198,76,178,56
15,B19/Stadtring Süd,Waltherstraße Lengfeld - Waltherstraße,49.797416,9.952802,49.792939,9.949896,104,154,50,145,41,114,10,149,45,147,43,157,53,173,69,179,75,178,74,200,96
16,B19/Stadtring Süd,Waltherstraße - Waltherstraße Lengfeld,49.792822,9.949897,49.797387,9.952899,78,94,16,87,9,82,4,86,8,89,11,94,16,95,17,94,16,95,17,96,18
17,B19/Stadtring Süd,Siligmüllerstraße - Salvatorstraße,49.794994,9.946261,49.793787,9.952162,101,155,54,110,9,108,7,114,13,119,18,154,53,163,62,175,74,179,78,151,50
18,B19/Stadtring Süd,Salvatorstraße - Siligmüllerstraße,49.793299,9.953006,49.794755,9.946692,105,160,55,116,11,114,9,107,2,109,4,111,6,112,7,119,14,119,14,112,7
19,B19/Stadtring Süd,Waltherstraße Lengfeld - Salvatorstraße,49.797416,9.952802,49.793787,9.952162,101,157,56,118,17,107,6,117,16,117,16,151,50,166,65,175,74,171,70,196,95
20,B19/Stadtring Süd,Waltherstraße - Siligmüllerstraße,49.792822,9.949897,49.794246,9.949838,53,74,21,62,9,57,4,58,5,61,8,64,11,66,13,67,14,69,16,67,14
21,B19/Stadtring Süd,Waltherstraße - Salvatorstraße,49.792822,9.949897,49.793787,9.952162,60,79,19,70,10,63,3,66,6,69,9,73,13,73,13,76,16,75,15,76,16
22,Brücke d. Deutschen Einheit,Brücke - Veitshöchheimer Straße,49.801859,9.919918,49.803464,9.920038,43,41,-2,39,-4,42,-1,46,3,44,1,46,3,44,1,45,2,47,4,48,5
23,Brücke d. Deutschen Einheit,Veitshöchheimer Straße - Brücke,49.803532,9.919698,49.802021,9.920049,37,50,13,31,-6,34,-3,37,0,35,-2,38,1,37,0,41,4,52,15,64,27
24,Brücke d. Deutschen Einheit,Brücke - Veitshöchheimer Straße Stadt,49.801859,9.919918,49.801962,9.922422,45,46,1,40,-5,45,0,46,1,45,0,44,-1,45,0,48,3,49,4,49,4
25,Brücke d. Deutschen Einheit,Veitshöchheimer Straße Stadt - Brücke,49.801961,9.922554,49.802021,9.920049,56,65,9,51,-5,52,-4,55,-1,56,0,56,0,55,-1,59,3,66,10,77,21
26,Brücke d. Deutschen Einheit,Veitshöchheimer Straße - Veitshöchheimer Straße Stadt,49.803532,9.919698,49.801962,9.922422,43,50,7,36,-7,43,0,45,2,42,-1,42,-1,43,0,45,2,51,8,54,11
27,Brücke d. Deutschen Einheit,Veitshöchheimer Straße Stadt - Veitshöchheimer Straße,49.801961,9.922554,49.803464,9.920038,38,36,-2,34,-4,36,-2,40,2,40,2,39,1,38,0,38,0,39,1,41,3
28,Friedensbrücke,Dreikronenstraße - Friedensbrücke,49.796336,9.923354,49.798694,9.922607,77,146,69,85,8,72,-5,83,6,75,-2,95,18,90,13,91,14,105,28,108,31
29,Friedensbrücke,Friedensbrücke - Dreikronenstraße,49.798958,9.923162,49.796548,9.923063,75,85,10,76,1,78,3,78,3,79,4,87,12,81,6,83,8,85,10,87,12
30,Friedensbrücke,Dreikronenstraße - Mainaustraße,49.796336,9.923354,49.799032,9.920518,76,146,70,86,10,73,-3,80,4,73,-3,95,19,86,10,91,15,104,28,103,27
31,Friedensbrücke,Mainaustraße - Dreikronenstraße,49.800402,9.918724,49.796548,9.923063,111,161,50,112,1,110,-1,144,33,109,-2,149,38,119,8,148,37,140,29,180,69
32,Friedensbrücke,Dreikronenstraße - Luitpoldstraße,49.796336,9.923354,49.797719,9.9196,79,139,60,86,7,74,-5,83,4,76,-3,97,18,91,12,93,14,106,27,107,28
33,Friedensbrücke,Luitpoldstraße - Dreikronenstraße,49.797329,9.918322,49.796548,9.923063,74,106,32,91,17,91,17,95,21,91,17,106,32,98,24,104,30,105,31,106,32
34,Friedensbrücke,Friedensbrücke - Luitpoldstraße,49.798958,9.923162,49.797719,9.9196,40,43,3,38,-2,37,-3,39,-1,43,3,44,4,43,3,43,3,44,4,44,4
35,Friedensbrücke,Luitpoldstraße - Friedensbrücke,49.797329,9.918322,49.798694,9.922607,56,87,31,70,14,67,11,75,19,73,17,82,26,79,23,82,26,83,27,84,28
36,Friedensbrücke,Friedensbrücke - Mainaustraße,49.798958,9.923162,49.799032,9.920518,42,51,9,44,2,42,0,42,0,46,4,48,6,44,2,47,5,47,5,46,4
37,Friedensbrücke,Mainaustraße - Friedensbrücke,49.800402,9.918724,49.798694,9.922607,100,145,45,98,-2,92,-8,107,7,98,-2,118,18,107,7,110,10,113,13,156,56
38,Friedensbrücke,Luitpoldstraße - Mainaustraße,49.797329,9.918322,49.799032,9.920518,275,356,81,302,27,282,7,281,6,258,-17,297,22,305,30,311,36,309,34,331,56
39,Friedensbrücke,Mainaustraße - Luitpoldstraße,49.800402,9.918724,49.797719,9.9196,89,107,18,86,-3,81,-8,93,4,85,-4,104,15,94,5,97,8,100,11,142,53
40,Brücke d. Deutschen Einheit,Mainaustraße - Brücke d. Deutschen Einheit,49.799672,9.919889,49.801341,9.91922,41,47,6,46,5,40,-1,39,-2,43,2,42,1,41,0,48,7,43,2,49,8
41,Brücke d. Deutschen Einheit,Brücke d. Deutschen Einheit - Mainaustraße,49.802317,9.920445,49.799841,9.919558,64,84,20,60,-4,54,-10,63,-1,62,-2,70,6,68,4,75,11,85,21,105,41
42,Brücke d. Deutschen Einheit,Mainaustraße - Mainaustraße Zellerau,49.799672,9.919889,49.801292,9.917406,43,46,3,46,3,42,-1,44,1,45,2,46,3,44,1,51,8,44,1,48,5
43,Brücke d. Deutschen Einheit,Mainaustraße Zellerau - Mainaustraße,49.802146,9.915255,49.799841,9.919558,65,70,5,64,-1,60,-5,64,-1,68,3,71,6,66,1,67,2,79,14,89,24
44,Brücke d. Deutschen Einheit,Mainaustraße - Georg Eydel Straße,49.799672,9.919889,49.800012,9.917464,55,62,7,58,3,53,-2,54,-1,57,2,58,3,58,3,63,8,58,3,64,9
45,Brücke d. Deutschen Einheit,Georg Eydel Straße - Mainaustraße,49.799323,9.917219,49.799841,9.919558,57,70,13,58,1,52,-5,57,0,56,-1,65,8,59,2,65,8,69,12,78,21
46,Brücke d. Deutschen Einheit,Brücke d. Deutschen Einheit - Georg Eydel Straße,49.802317,9.920445,49.800012,9.917464,51,67,16,45,-6,44,-7,49,-2,50,-1,56,5,57,6,60,9,71,20,86,35
47,Brücke d. Deutschen Einheit,Georg Eydel Straße - Brücke d. Deutschen Einheit,49.799323,9.917219,49.801341,9.91922,49,60,11,50,1,48,-1,47,-2,50,1,56,7,52,3,56,7,61,12,66,17
48,Brücke d. Deutschen Einheit,Brücke d. Deutschen Einheit - Mainaustraße Zellerau,49.802317,9.920445,49.801292,9.917406,50,63,13,43,-7,43,-7,50,0,49,-1,55,5,54,4,58,8,68,18,80,30
49,Brücke d. Deutschen Einheit,Mainaustraße Zellerau - Brücke d. Deutschen Einheit,49.802146,9.915255,49.801341,9.91922,63,65,2,61,-2,60,-3,60,-3,67,4,67,4,64,1,63,0,76,13,83,20
50,Brücke d. Deutschen Einheit,Mainaustraße Zellerau - Georg Eydel Straße,49.802146,9.915255,49.800012,9.917464,56,59,3,53,-3,54,-2,55,-1,60,4,62,6,60,4,57,1,70,14,75,19
51,Brücke d. Deutschen Einheit,Georg Eydel Straße - Mainaustraße Zellerau,49.799323,9.917219,49.801292,9.917406,54,62,8,52,-2,52,-2,55,1,55,1,62,8,57,3,61,7,64,10,67,13
52,Berliner Ring,Haugering - Schweinfurter Straße,49.799666,9.939909,49.798814,9.94508,87,100,13,91,4,88,1,96,9,98,11,110,23,98,11,98,11,110,23,119,32
53,Berliner Ring,Schweinfurter Straße - Haugering,49.798995,9.947263,49.799685,9.940161,96,152,56,109,13,105,9,110,14,104,8,105,9,105,9,108,12,111,15,117,21
54,Berliner Ring,Haugering - Martin Luther Straße,49.799666,9.939909,49.79752,9.943752,69,82,13,73,4,70,1,74,5,76,7,84,15,76,7,77,8,86,17,92,23
55,Berliner Ring,Martin Luther Straße - Haugering,49.797269,9.944253,49.799685,9.940161,78,92,14,83,5,78,0,88,10,87,9,93,15,87,9,90,12,99,21,104,26
56,Berliner Ring,Haugering - Grombühlbrücke,49.799666,9.939909,49.799672,9.943301,90,108,18,92,2,91,1,98,8,99,9,111,21,99,9,102,12,114,24,118,28
57,Berliner Ring,Schweinfurter Straße - Grombühlbrücke,49.798995,9.947263,49.799672,9.943301,72,104,32,84,12,80,8,85,13,80,8,81,9,82,10,84,12,89,17,90,18
58,Berliner Ring,Grombühlbrücke - Schweinfurter Straße,49.801006,9.943526,49.798814,9.94508,106,158,52,114,8,108,2,113,7,113,7,143,37,117,11,118,12,144,38,164,58
59,Berliner Ring,Schweinfurter Straße - Martin Luther Straße,49.798995,9.947263,49.79752,9.943752,105,176,71,145,40,114,9,145,40,117,12,144,39,119,14,144,39,152,47,162,57
60,Berliner Ring,Martin Luther Straße - Schweinfurter Straße,49.797269,9.944253,49.798814,9.94508,52,61,9,56,4,50,-2,61,9,62,10,68,16,63,11,62,10,72,20,78,26
61,Berliner Ring,Martin Luther Straße - Grombühlbrücke,49.797269,9.944253,49.799672,9.943301,54,69,15,58,4,53,-1,63,9,63,9,70,16,63,9,66,12,77,23,77,23
62,Berliner Ring,Grombühlbrücke - Martin Luther Straße,49.801006,9.943526,49.79752,9.943752,87,114,27,96,9,89,2,91,4,91,4,98,11,94,7,98,11,103,16,111,24
63,Löwenbrücke,Mergentheimer Straße - Max Mohr Straße,49.78965,9.925173,49.785791,9.929287,129,219,90,167,38,151,22,150,21,141,12,158,29,155,26,161,32,156,27,166,37
64,Löwenbrücke,Max Mohr Straße - Mergentheimer Straße,49.785841,9.929334,49.788491,9.925032,84,96,12,84,0,90,6,91,7,94,10,92,8,94,10,98,14,96,12,98,14
65,Löwenbrücke,Max Mohr Straße - Leistenstraße,49.785841,9.929334,49.787726,9.92355,88,98,10,88,0,95,7,96,8,96,8,96,8,100,12,104,16,100,12,103,15
66,Löwenbrücke,Leistenstraße - Max Mohr Straße,49.787708,9.922383,49.785791,9.929287,126,226,100,160,34,148,22,138,12,137,11,144,18,148,22,157,31,143,17,153,27
67,Löwenbrücke,Mergentheimer Straße,49.78965,9.925173,49.78603,9.924554,72,84,12,69,-3,74,2,75,3,72,0,82,10,76,4,79,7,80,8,80,8
68,Mergentheimer Straße,B19 - Sportzentrum,49.767872,9.936326,49.76977,9.9363,44,42,-2,41,-3,44,0,45,1,45,1,47,3,47,3,51,7,44,0,43,-1
69,Mergentheimer Straße,B19 - Heidingsfeld,49.767872,9.936326,49.768615,9.937984,46,45,-1,43,-3,47,1,50,4,49,3,52,6,51,5,56,10,46,0,46,0
70,Mergentheimer Straße,Heidingsfeld - B19,49.767834,9.940666,49.767537,9.935779,74,73,-1,73,-1,72,-2,78,4,80,6,88,14,79,5,81,7,76,2,78,4
71,Mergentheimer Straße,Sportzentrum - B19,49.77026,9.935522,49.767537,9.935779,35,37,2,33,-2,35,0,34,-1,36,1,38,3,38,3,39,4,36,1,39,4
72,Mergentheimer Straße,Sportzentrum - Heidingsfeld,49.77026,9.935522,49.768615,9.937984,34,41,7,33,-1,34,0,36,2,35,1,40,6,39,5,40,6,36,2,39,5
73,Mergentheimer Straße,Heidingsfeld - Sportzentrum,49.767834,9.940666,49.76977,9.9363,52,52,0,50,-2,49,-3,56,4,57,5,64,12,56,4,55,3,54,2,54,2
74,Alter Kranen,Kranenkai - Juliuspromenade,49.797394,9.925647,49.796446,9.927857,59,59,0,57,-2,57,-2,63,4,65,6,58,-1,59,0,63,4,64,5,66,7
75,Alter Kranen,Kranenkai - Karmelitenstraße,49.797394,9.925647,49.795812,9.927124,54,53,-1,53,-1,54,0,61,7,67,13,53,-1,56,2,64,10,66,12,62,8
76,Alter Kranen,Kranenkai - Mainkai,49.797394,9.925647,49.795536,9.926698,49,49,0,48,-1,47,-2,52,3,51,2,50,1,49,0,52,3,55,6,59,10
77,Alter Kranen,Mainkai - Gerberstraße,49.793833,9.926935,49.797256,9.926346,75,77,2,74,-1,76,1,83,8,83,8,87,12,85,10,83,8,89,14,81,6
78,Alter Kranen,Mainkai - Juliuspromenade,49.793833,9.926935,49.796446,9.927857,79,82,3,77,-2,80,1,87,8,88,9,89,10,89,10,85,6,92,13,84,5
79,Alter Kranen,Juliuspromenade - Gerberstraße,49.796632,9.92808,49.797256,9.926346,41,40,-1,43,2,40,-1,48,7,44,3,45,4,43,2,45,4,55,14,45,4
